filename,brand_name,class_type,alcohol_content,net_contents,bottler,country_of_origin
old-tom-bourbon.png,OLD TOM DISTILLERY,Kentucky Straight Bourbon Whiskey,45% Alc./Vol. (90 Proof),750 mL,"Old Tom Distillery, Louisville, KY",
stones-throw-gin.png,Stone's Throw,London Dry Gin,47%,750 mL,"Stone's Throw Spirits Co., Portland, Oregon",
river-bend-vodka.png,River Bend,Vodka,45% Alc./Vol. (90 Proof),1 L,"River Bend Spirits, Austin, TX",
copper-kettle-rum.png,Copper Kettle,Spiced Rum,35% Alc./Vol. (70 Proof),750 mL,"Copper Kettle Rum Co., Key West, FL",
harbor-light-ipa.png,Harbor Light,India Pale Ale,6.5%,355 mL,"Harbor Light Brewing, Portland, ME",
blue-ridge-rye.png,Blue Ridge,Straight Rye Whiskey,50% Alc./Vol. (100 Proof),750 mL,"Blue Ridge Distilling, Asheville, NC",
maison-leblanc-wine.png,Maison Leblanc,Côtes du Rhône Rouge,13.5%,750 mL,"Leblanc Imports LLC, New York, NY",France
golden-fields-wheat.png,Golden Fields,Wheat Ale,5.2%,16 fl oz,"Golden Fields Brewing Co., Fargo, ND",
summit-tequila-no-warning.png,Summit,Tequila Blanco,40%,750 mL,"Summit Spirits Group, San Diego, CA",Mexico
old-tom-bourbon-photo.jpg,OLD TOM DISTILLERY,Kentucky Straight Bourbon Whiskey,45% Alc./Vol. (90 Proof),750 mL,"Old Tom Distillery, Louisville, KY",
stones-throw-gin-dim.jpg,Stone's Throw,London Dry Gin,47%,750 mL,"Stone's Throw Spirits Co., Portland, Oregon",
